{"cameraMode":{"drawMode":0,"name":"Shaded","section":"Shading Mode"},"sceneLighting":true,"audioPlay":false,"sceneViewState":{"m_AlwaysRefresh":false,"showFog":true,"showSkybox":true,"showFlares":true,"showImageEffects":true,"showParticleSystems":true,"showVisualEffectGraphs":true,"m_FxEnabled":true},"in2DMode":false,"pivot":{"x":-61.61499786376953,"y":3.9000000953674318,"z":-1.3799999952316285},"rotation":{"x":0.1295347809791565,"y":-0.0014885121490806342,"z":0.00018500423175282776,"w":0.9915853142738342},"size":1.3063507080078126,"orthographic":false}